brand,perfume
abercrombie-fitch,fierce
acqua-di-parma,acqua-di-parma-colonia-pura
adidas,adidas-uefa-champions-league-edition
adidas,adidas-moves-pulse-him
adidas,adventure
adidas,adventure
adidas,adidas-uefa-victory-edition
afnan,9am
afnan,9am-dive
afnan,9am
afnan,9pm
afnan,9pm
afnan,9pm-pour-femme
afnan,highness-vi
afnan,rare-tiffany
afnan,tobacco-rush
afnan,rare-carbon
afnan,rare-passion
afnan,supremacy-gold
afnan,supremacy-gold
afnan,supremacy-gold
afnan,supremacy-gold
afnan,supremacy-gold
afnan,supremacy-tapis-rouge
afnan,tribute-blue
afnan,turathi-blue
afnan,turathi-blue
afnan,highness-vi
afnan,violet-bouquet
afnan,rare-tiffany
prada,prada-candy-collector-s-edition
mugler,alien-goddess
mugler,alien-hypersense
mugler,angel-elixir
antonio-banderas,radiant-seduction-blue
antonio-banderas,blue-seduction
antonio-banderas,her-golden-secret
antonio-banderas,the-icon
antonio-banderas,king-of-seduction
antonio-banderas,the-icon-eau-de-parfum
antonio-banderas,the-icon
antonio-banderas,the-icon-elixir
ariana-grande,frankie
ariana-grande,cloud-intense
ariana-grande,cloud-intense
ariana-grande,cloud-pink
ariana-grande,sweet-like-candy-limited-edition
ariana-grande,thank-u-next
armaf,beau-acute
armaf,club-de-nuit-oud
armaf,bois-nuit
armaf,club-de-nuit-white-imperiale
armaf,oud
armaf,oud
armaf,club-de-nuit-milestone
armaf,odyssey-aoud
armaf,odyssey-aoud
armaf,odyssey-aoud
armaf,odyssey-aoud
armaf,odyssey-homme
armaf,odyssey-aoud
armaf,odyssey-mandarin-sky
armaf,odyssey-aoud
armaf,odyssey-mega-man
armaf,odyssey-tyrant-special-edition
armaf,odyssey-aoud
armaf,club-de-nuit-sillage
armaf,club-de-nuit-untold
armaf,bois-luxura
armaf,oud
armaf,the-warrior
armaf,the-warrior
armaf,hunter-intense
armaf,excellus-men
armaf,club-de-nuit-oud
armaf,bois-nuit
armaf,club-de-nuit-white-imperiale
armaf,club-de-nuit-oud
armaf,club-de-nuit-oud
armaf,club-de-nuit-intense
armaf,club-de-nuit-oud
armaf,club-de-nuit-oud
armaf,club-de-nuit-milestone
armaf,club-de-nuit-oud
armaf,club-de-nuit-precieux
armaf,club-de-nuit-sillage
armaf,club-de-nuit-untold
armaf,club-de-nuit-urban-man
armaf,club-de-nuit-urban-man
armaf,club-de-nuit-oud
armaf,club-de-nuit-oud
armaf,club-de-nuit-oud
armaf,craze-noir
armaf,craze-noir
armaf,edition-one
armaf,el-cielo-pour-homme
armaf,italiano-nero
armaf,de-la-marque-rouge
armaf,signature-night
armaf,eternia-women
armaf,high-street
armaf,legesi-femme
armaf,hunter
armaf,club-de-nuit-sillage
armaf,la-rosa
armaf,odyssey-aoud
armaf,odyssey-aoud
armaf,odyssey-aoud
armaf,odyssey-aoud
armaf,odyssey-aoud
armaf,odyssey-aoud
armaf,edition-one
armaf,edition-one
armaf,edition-one
armaf,odyssey-aoud
armaf,odyssey-mandarin-sky
armaf,odyssey-mandarin-sky
armaf,odyssey-mandarin-sky
armaf,odyssey-aoud
armaf,odyssey-aoud
armaf,odyssey-aoud
armaf,odyssey-aoud
armaf,odyssey-aoud
armaf,radical-brown
armaf,odyssey-tyrant-special-edition
armaf,club-de-nuit-white-imperiale
armaf,private-key-to-my-life
armaf,private-key-to-my-dreams
armaf,beau-acute
armaf,italiano-donna
armaf,edition-one
armaf,italiano-uomo
armaf,italiano-uomo
armaf,tag-him
armaf,black-onyx
armaf,club-de-nuit-intense-man-parfum
armaf,peridot
armaf,club-de-nuit-untold
armaf,signature-true
armaf,venetian
armaf,eternia-man
armaf,venetian
armaf,venetian
armaf,myst
asdaaf,ameerat-al-arab
asdaaf,ameerat-al-arab-prive-rose
azzaro,chrome-summer-edition-2013
azzaro,the-most-wanted
azzaro,the-most-wanted
azzaro,the-most-wanted
azzaro,wanted
azzaro,wanted
azzaro,wanted
bentley,bentley-for-men
bharara,niche
bharara,double-bleu
bharara,king
bharara,king
bharara,king
bharara,niche
bharara,king
bharara,double-bleu
bharara,double-bleu
bharara,bleu
bharara,king
bharara,king
bharara,king
bharara,king
bharara,king
bharara,king
nautica,blue-sail
nautica,nautica-woman
nautica,midnight-voyage
britney-spears,fantasy-sheer
britney-spears,circus-fantasy
britney-spears,electric-fantasy
britney-spears,fantasy-intense
britney-spears,fantasy-sheer
britney-spears,fantasy-naked
britney-spears,fantasy-sheer
burberry,goddess
burberry,goddess
burberry,hero
burberry,burberry-her
burberry,hero-parfum
burberry,hero
bvlgari,rose-essentielle
bvlgari,black
bvlgari,rose-essentielle
bvlgari,rose-essentielle
bvlgari,omnia-amethyste
bvlgari,coralia
bvlgari,coralia
bvlgari,omnia-crystalline
bvlgari,omnia-pink-sapphire
bvlgari,petits-et-mamans
cacharel,anais-anais
calvin-klein,calvin-klein
calvin-klein,calvin-klein-women
calvin-klein,calvin-klein
calvin-klein,calvin-klein
calvin-klein,calvin-klein-women
carolina-herrera,carolina-herrera
carolina-herrera,carolina-herrera
carolina-herrera,carolina-herrera
carolina-herrera,carolina-herrera
carolina-herrera,carolina-herrera
carolina-herrera,carolina-herrera
carolina-herrera,carolina-herrera
carolina-herrera,carolina-herrera
carolina-herrera,carolina-herrera
carolina-herrera,carolina-herrera
carolina-herrera,bad-boy-cobalt-elixir
carolina-herrera,bad-boy-dazzling-garden
carolina-herrera,carolina-herrera
carolina-herrera,carolina-herrera
carolina-herrera,carolina-herrera
carolina-herrera,carolina-herrera
carolina-herrera,carolina-herrera-by-carolina-herrera
carolina-herrera,carolina-herrera
carolina-herrera,carolina-herrera
carolina-herrera,carolina-herrera
carolina-herrera,carolina-herrera
carolina-herrera,carolina-herrera
carolina-herrera,carolina-herrera
carolina-herrera,carolina-herrera
carolina-herrera,carolina-herrera
carolina-herrera,carolina-herrera-by-carolina-herrera
carolina-herrera,carolina-herrera
carolina-herrera,carolina-herrera
carolina-herrera,carolina-herrera
carolina-herrera,carolina-herrera
carolina-herrera,carolina-herrera
cartier,baiser-vole
cartier,declaration
cartier,declaration
cartier,declaration-fraiche
cartier,declaration
cartier,panthere
cartier,pasha-de-cartier-edition-noire-sport
cartier,pasha-cartier
cartier,pasha-cartier
cartier,pasha-cartier
chanel,allure
chanel,allure
chanel,egoiste-platinum
coach,coach-dreams-sunset
coach,coach-green
coach,coach-dreams-sunset
coach,coach-signature-rose-d-or
coach,coach-signature-rose-d-or
coach,coach-signature-rose-d-or
coach,coach-signature-rose-d-or
coach,coach-floral-eau-the-parfum
coach,coach-floral-eau-the-parfum
coach,love
coach,coach-platinum
coach,coach-signature-rose-d-or
coach,open-road
coach,coach-dreams-sunset
creed,aventus
creed,aventus
creed,aventus
creed,aventus
creed,aventus
creed,green-irish-tweed
creed,himalaya
creed,rose-imperiale
creed,royal-oud
creed,royal-water
creed,silver-mountain-water
creed,virgin-island-water
davidoff,cool-water
davidoff,cool-water
diesel,only-the-brave-iron-man
diesel,plus-plus-feminine
dior,dior-addict
dior,fahrenheit
dior,hypnotic-poison
dior,j-adore
dior,miss-dior
dior,miss-dior-rose-n-roses
dior,sauvage
dior,sauvage
dior,sauvage
dior,sauvage
dior,sauvage
dior,sauvage
dior,sauvage
dior,sauvage
dolce-gabbana,dolce-gabbana
dolce-gabbana,dolce-gabbana-the-only-one-2
dolce-gabbana,dolce-gabbana-pour-homme-intenso
dolce-gabbana,dolce-gabbana-the-only-one-2
dolce-gabbana,dolce-gabbana
dolce-gabbana,dolce-gabbana
dolce-gabbana,dolce-gabbana
dolce-gabbana,dolce-gabbana
dolce-gabbana,dolce-gabbana-pour-homme-intenso
dolce-gabbana,dolce-gabbana
dolce-gabbana,dolce-gabbana-pour-homme-intenso
dolce-gabbana,dolce-gabbana
dolce-gabbana,dolce-gabbana
dumont,nitro-red
dumont,nitro-red
dumont,nitro-red
dumont,nitro-red
dumont,nitro-red
dumont,nitro-intense
elizabeth-taylor,diamonds-and-sapphires
emper,invitation
emper,memories
emper,invitation
emper,urban-woman
emper,memories
emper,urban-woman
emper,urban-woman
emper,urban-woman
emper,lady-presidente
emper,chifon-rose-couture
emper,qubism
emper,saga
emper,chifon
emper,chifon
emper,chifon
emper,epic-adventure
emper,fasio-essence
emper,legend
emper,invitation
emper,fasio-essence
emper,invitation
emper,epic-adventure
emper,presidente
emper,fasio-essence
emper,saga
emper,fasio-essence
emper,le-paon
emper,invitation
emper,presidente
emper,epic-adventure
emper,urban-woman
emper,epic-adventure
emper,epic-adventure
emper,lady-presidente
emper,epic-adventure
emper,invitation
emper,epic-adventure
emper,memories
emper,memories
emper,fasio-essence
emper,lady-presidente
emper,memories
emper,fasio-essence
emper,legend
emper,chifon-rose-couture
emper,lady-presidente
emper,invitation
emper,presidente
emper,le-paon
emper,urban-woman
emper,fasio-essence
emper,saga
city,kiss-me
emper,presidente
emper,invitation
emper,lola
emper,invitation
emper,lola
emper,invitation
emper,invitation
emper,invitation
afnan,9am-dive
afnan,9am-dive
afnan,9pm
afnan,9pm
afnan,supremacy-gold
afnan,turathi-blue
mugler,angel
antonio-banderas,radiant-seduction-in-black
ariana-grande,cloud-intense
ariana-grande,cloud-intense
ariana-grande,sweet-like-candy-limited-edition
ariana-grande,thank-u-next
armaf,club-de-nuit-oud
armaf,club-de-nuit-sillage
armaf,club-de-nuit-oud
armaf,edition-one
armaf,club-de-nuit-blue-iconic
armaf,odyssey-mandarin-sky
armaf,odyssey-aoud
armaf,tag-her-prestige
azzaro,the-most-wanted
azzaro,wanted
azzaro,the-most-wanted
bharara,double-bleu
bharara,king
britney-spears,fantasy-sheer
burberry,hero
bvlgari,rose-essentielle
bvlgari,omnia-amethyste
bvlgari,rose-essentielle
cacharel,promesse
calvin-klein,calvin-klein-women
carolina-herrera,carolina-herrera
carolina-herrera,carolina-herrera
carolina-herrera,carolina-herrera
carolina-herrera,carolina-herrera
carolina-herrera,carolina-herrera
coach,love-eau-blush
coach,coach-dreams-sunset
coach,coach-dreams-sunset
coach,coach-floral-blush
coach,open-road
coach,coach-dreams-sunset
davidoff,cool-water
davidoff,adventure
elizabeth-taylor,diamonds-and-rubies
elizabeth-taylor,diamonds-and-sapphires
givenchy,l-interdit
givenchy,l-interdit-eau-de-parfum-rouge
gucci,gucci-bloom-intense
gucci,flora-gorgeous-orchid
guess,bella-vita-rosa
guess,guess-night
guess,guess-by-marciano
guess,guess-seductive
guess,guess-seductive
guess,guess-seductive
guess,guess-seductive
guess,guess-seductive
guess,guess-seductive
guess,guess-seductive
guess,guess-seductive
guess,guess-seductive
guess,guess-seductive
issey-miyake,nectar-d-issey-premiere-fleur
lancome,idole
lancome,mille-et-une-roses
moschino,fresh-couture
moschino,toy
moschino,toy-2-bubble-gum
moschino,toy-2-bubble-gum
moschino,toy-2-pearl
moschino,pink-bouquet
moschino,toy-boy
moschino,toy-boy
orientica,sara-bleu
orientica,sara-bleu
orientica,violet-oud
orientica,violet-oud
orientica,sara-bleu
orientica,sara-bleu
orientica,violet-oud
orientica,sara-bleu
orientica,violet-oud
paco-rabanne,eau-paco-rabanne
paco-rabanne,eau-paco-rabanne
paco-rabanne,invictus-victory
paco-rabanne,lady-million-prive
paco-rabanne,eau-paco-rabanne
paco-rabanne,eau-paco-rabanne
paco-rabanne,eau-paco-rabanne
essential-parfums,patchouli-mania
essential-parfums,patchouli-mania
shakira,pop-rock
tous,loveme-the-silver-parfum
tous,tous-les-colognes-concentrees
versace,bright-crystal
versace,bright-crystal
versace,crystal-noir
versace,blue-jeans
versace,versace-pour-femme-dylan-turquoise
versace,versace-man-eau-fraiche
versace,versace-l-homme
versace,versense
versace,versense
versace,eros-energy
versace,eros-flame
versace,eros-flame
versace,versace-man-eau-fraiche
versace,eros
versace,yellow-diamond-intense
lotus,lotus-oud
bharara,double-bleu
versace,versense
ferrari,scuderia-ferrari
fragrance-world,spectre-ghost
fragrance-world,spectre-ghost
fragrance-world,aether
fragrance-world,aether
fragrance-world,spectre-wraith
franck-olivier,franck-olivier
franck-olivier,franck-olivier
franck-olivier,franck-olivier
franck-olivier,franck-olivier
franck-olivier,franck-olivier
aether,celluloid
essence,like-a-new-love
giorgio-valenti,rose-noire-absolue
givenchy,ange-ou-demon
givenchy,gentleman-2017
givenchy,gentleman-society
givenchy,gentleman-2017
givenchy,gentleman-2017
givenchy,gentlemen-only
givenchy,insense-ultramarine
givenchy,live-irresistible
givenchy,live-irresistible
givenchy,l-interdit
givenchy,l-interdit
givenchy,l-interdit
givenchy,l-interdit-eau-de-parfum-rouge-ultime
givenchy,l-interdit
givenchy,pi
givenchy,irresistible-givenchy
gucci,gucci-bloom
gucci,gucci-guilty
gucci,gucci-guilty
gucci,gucci-guilty
guess,bella-vita
guess,guess-by-marciano
guess,guess-girl
guess,guess-girl
guess,guess-girl
guess,guess-gold
guess,guess-gold
guess,guess-by-marciano
guess,guess-seductive
guess,seductive-red
guess,guess-seductive
guess,guess-seductive
guess,seductive-sunkissed
halloween,halloween-blue-drop
halloween,halloween-man-hero
halloween,halloween-man-rock-on
halloween,halloween-man-x
hermes,h24-herbes-vives
hermes,h24-herbes-vives
hermes,terre-d-hermes
issey-miyake,nuit-d-issey-noir-argent
issey-miyake,nuit-d-issey-noir-argent
issey-miyake,nuit-d-issey-noir-argent
issey-miyake,nuit-d-issey-noir-argent
issey-miyake,nuit-d-issey-noir-argent
jean-patou,eau-de-patou
divine,eau-divine
so,vanilla-candy-sugar-marshmallow
joop,splash
kajal,dahab
essence,like-a-trip-to-new-york
kenzo,flower-tag
lancaster,eau-de-lancaster
lancome,idole
lancome,idole
lancome,idole
lancome,idole-nectar
lancome,la-nuit-tresor
lancome,la-vie-est-belle-l-eveil
lancome,la-vie-est-belle-l-eveil
lancome,tresor-elixir
lancome,la-vie-est-belle-intensement
lancome,la-vie-est-belle-edition-limitee
lancome,la-vie-est-belle-soleil-cristal
lancome,miracle
tous,tous-l-eau-eau-de-parfum
reminiscence,patchouli-pour-homme
tous,floral-touch-so-fresh
loewe,loewe-7
louis-vuitton,l-immensite
louis-vuitton,l-immensite
mancera,amore-caffe
mancera,french-riviera
mancera,instant-crush
mancera,red-tobacco
so,so-dark-romance
burberry,touch-for-men
bvlgari,omnia
bvlgari,omnia
calvin-klein,calvin-klein-women
carolina-herrera,carolina-herrera
cartier,panthere
coach,coach-platinum
coach,coach-for-men
dolce-gabbana,dolce-gabbana
dolce-gabbana,dolce-gabbana
emper,invitation
gucci,a-gloaming-night
gucci,a-gloaming-night
lancome,magie-noire
moschino,moschino
moschino,moschino-funny
orientica,mumayaz
paco-rabanne,lady-million-empire
paco-rabanne,eau-paco-rabanne
versace,the-dreamer
montale,arabians
montale,arabians-tonka
montale,diamond-rose
montale,starry-night
montblanc,emblem
montblanc,signature
moschino,cheap-chic
moschino,cheap-chic-i-love-love
moschino,toy-2-bubble-gum
moschino,toy
moschino,toy-2-pearl
moschino,toy
mugler,angel
mugler,alien
mugler,alien
mugler,alien
mugler,angel-fantasm
mugler,angel-fantasm
mugler,angel-nova
mugler,angel-nova
narciso-rodriguez,narciso-rodriguez-for-her
narciso-rodriguez,narciso-rodriguez-for-her
nautica,blue-sail
nautica,nautica-voyage
nautica,nautica-voyage
nautica,nautica-voyage
nautica,nautica-voyage
nautica,nautica-voyage
nina-ricci,signoricci
nina-ricci,signoricci
nishane,ani
nishane,hacivat-x
nishane,fan-your-flames
nishane,fan-your-flames-x
nishane,hacivat
nishane,hacivat-x
nishane,hundred-silent-ways
nishane,hundred-silent-ways-x
nishane,wulong-cha-x
orientica,red-amber
orientica,red-amber
orientica,violet-oud
orientica,red-amber
orientica,sara-bleu
orientica,red-amber
orientica,red-amber
orientica,royal-amber
orientica,golden-musk
paco-rabanne,eau-paco-rabanne
paco-rabanne,eau-paco-rabanne
paco-rabanne,lady-million-prive
paco-rabanne,lady-million-prive
paco-rabanne,lady-million-prive
paco-rabanne,lady-million-royal
paco-rabanne,eau-paco-rabanne
paco-rabanne,eau-paco-rabanne
paco-rabanne,lady-million-empire
paco-rabanne,lady-million-empire
paco-rabanne,eau-paco-rabanne
paco-rabanne,paco-rabanne-pour-elle
paco-rabanne,eau-paco-rabanne
paco-rabanne,eau-paco-rabanne
alghabra-parfums,crown-of-marmara
prada,luna-rossa
prada,luna-rossa
prada,luna-rossa
prada,prada-paradoxe
rasasi,al-wisam-day
rasasi,sahar
rasasi,khaltat-al-khasa
rasasi,esraa
rasasi,hawas-for-her
rasasi,hawas-for-him
rasasi,hawas-ice-for-him
rasasi,la-yuqawam-jasmine-wisp
rasasi,la-yuqawam-femme
rasasi,manal
rasasi,qasamat-ebhar
rasasi,rania
rasasi,bushra
rasasi,manal
rochas,moustache-original-1949
gucci,a-floral-verse
shakira,rojo
ghost,whisper
britney-spears,fantasy-sheer
mugler,a-men
afnan,9am-dive
afnan,9pm
afnan,turathi-blue
regalien,nazen
mugler,angel
azzaro,wanted
bharara,niche
burberry,hero
burberry,goddess
burberry,hero
burberry,baby-touch
bvlgari,goldea
bvlgari,rose-essentielle
bvlgari,jasmin-noir-l-essence
bvlgari,rose-essentielle
bvlgari,jasmin-noir-l-essence
bvlgari,omnia-crystalline
bvlgari,rose-goldea-blossom-delight-eau-de-toilette
bvlgari,goldea
bvlgari,rose-goldea
cacharel,amor-amor
calvin-klein,calvin-klein-women
calvin-klein,calvin-klein
carolina-herrera,carolina-herrera
carolina-herrera,carolina-herrera
carolina-herrera,carolina-herrera
carolina-herrera,carolina-herrera
carolina-herrera,carolina-herrera
carolina-herrera,carolina-herrera
carolina-herrera,carolina-herrera
carolina-herrera,carolina-herrera
carolina-herrera,carolina-herrera-by-carolina-herrera
carolina-herrera,carolina-herrera
carolina-herrera,carolina-herrera
carolina-herrera,carolina-herrera
coach,coach-dreams-sunset
coach,coach-floral-blush
coach,coach-floral-blush
coach,coach-green
coach,coach-blue
coach,open-road
coach,coach-wild-rose
creed,aventus
creed,aventus
creed,aventus
creed,carmina
creed,green-irish-tweed
creed,rose-imperiale
creed,silver-mountain-water
creed,virgin-island-water
davidoff,cool-water
dior,dune
dior,fahrenheit
dior,hypnotic-poison
dior,j-adore
dior,sauvage
dior,sauvage
dior,sauvage
dolce-gabbana,dolce-gabbana
dolce-gabbana,dolce-gabbana
emper,saga
emper,le-paon
emper,invitation
emper,epic-adventure
emper,urban-woman
city,kiss-me
emper,invitation
etro,manrose
givenchy,givenchy-iii
givenchy,ange-ou-demon
givenchy,gentleman-society
givenchy,l-interdit
givenchy,l-interdit
givenchy,l-interdit
givenchy,l-interdit
givenchy,l-interdit-eau-de-parfum-rouge-ultime
gucci,gucci-bloom
gucci,flora-gorgeous-orchid
gucci,flora-gorgeous-jasmine
gucci,flora-gorgeous-magnolia
gucci,gucci-guilty
halloween,halloween-man
halloween,halloween-blue-drop
halloween,halloween-kiss
halloween,halloween-kiss-sexy
halloween,halloween-man-x
issey-miyake,nuit-d-issey-noir-argent
lancome,idole
lancome,idole-now
lancome,la-vie-est-belle-l-eveil
lancome,mille-et-une-roses
lancome,tresor
loewe,gala
loewe,solo-loewe
mancera,instant-crush
mancera,red-tobacco
dior,miss-dior
montale,arabians-tonka
montblanc,emblem
montblanc,explorer
montblanc,emblem
montblanc,legend
montblanc,legend
montblanc,legend-spirit
montblanc,signature
moschino,toy
moschino,toy-2-bubble-gum
moschino,toy-2-pearl
moschino,toy
mugler,angel-elixir
amway,ancestry
nautica,blue-sail
nautica,nautica-voyage
paco-rabanne,eau-paco-rabanne
tous,gems-power
tous,tous-kids-girl
tous,tous-kids-girl
tous,gold
tous,loveme
tous,loveme
tous,loveme
tous,tous-man-chill
tous,more-more-pink
valentino,valentino-donna-born-in-roma
valentino,valentino-uomo
valentino,valentino-uomo
valentino,voce-viva
versace,bright-crystal
versace,crystal-noir
versace,blue-jeans
versace,versace-pour-femme-dylan-turquoise
versace,versace-pour-femme-dylan-purple
versace,eros
versace,eros-energy
versace,eros
versace,eros-flame
versace,eros
versace,versace-man-eau-fraiche
versace,yellow-diamond-intense
xerjoff,accento
xerjoff,erba-pura
xerjoff,xj-1861-naxos
xerjoff,torino
tous,baby
tous,more-more-pink
tous,floral-touch
tous,gold
tous,more-more-pink
tous,tous-kids-girl
tous,loveme
tous,loveme
tous,loveme
tous,loveme-the-silver-parfum
tous,tous-man-sport
tous,loveme
tous,touch
tous,sensual-touch
rasasi,rasasi
valentino,valentino-uomo-born-in-roma-rockstud-noir
valentino,valentino-donna-born-in-roma
valentino,valentino-donna-born-in-roma
valentino,valentino-donna-born-in-roma
valentino,valentino-donna-born-in-roma-green-stravaganza
valentino,valentino-donna-born-in-roma
valentino,vendetta-donna
valentino,vendetta-uomo
valentino,vendetta-uomo
valentino,valentino-uomo
valentino,valentino-uomo
valentino,valentino-uomo
valentino,valentino-uomo
valentino,valentino-uomo-born-in-roma-green-stravaganza
valentino,valentino-uomo
valentino,vendetta-uomo
valentino,voce-viva
valentino,voce-viva-intensa
versace,bright-crystal
versace,bright-crystal
versace,bright-crystal
versace,bright-crystal
versace,blue-jeans
versace,versace-pour-femme-dylan-turquoise
versace,versace-pour-femme-dylan-purple
versace,versace-man-eau-fraiche
versace,eros
versace,eros
versace,eros
versace,eros
versace,eros
versace,eros
versace,eros-flame
versace,eros-flame
versace,eros-flame
versace,eros
versace,eros
versace,blonde
versace,yellow-diamond
lotus,lotus-oud
lotus,lotus-oud
xerjoff,erba-gold
xerjoff,erba-gold
xerjoff,erba-pura
xerjoff,erba-pura
xerjoff,xj-1861-naxos
xerjoff,mefisto
xerjoff,torino
zara,6-0-zara
zimaya,hawwa-pink
zimaya,hawwa-pink
zimaya,amber-is-great
zimaya,amber-is-great
zimaya,fatima-pink